Country,2010,2011,2012,2013,2014,2015,2016,2017,2018,2019,2020,2021,2022,2023,2024,2025
Argentina,,,,,,25.52983117513304,23.457886099938463,25.199250539637983,26.03897047425762,27.38273564354908,32.76065011580515,30.441230300215523,35.878133765657346,43.7299829542572,42.643664438378885,43.857107713020156
Australia,10.314037765283008,10.415753238614286,12.497934761757094,15.31086678784734,13.619642024952304,14.316161506620935,17.595861640859944,15.79288673278183,19.290827007302344,21.277967857858588,25.016644274757954,30.00931256575755,33.06482274753175,35.603813047682515,37.03984028288547,40.266979159780256
Austria,63.65274831406318,63.34274232666786,71.68140392737185,74.36253447530174,76.67747798108613,72.50893762422747,73.5995624873545,72.07002250031121,72.94198756410758,73.21718753932275,76.11620344100392,74.66135249315212,74.32180830398676,81.11145125484963,82.67486904554136,78.07077773529916
Belgium,15.551351448906809,20.856805560011647,25.184589020480118,29.56246545302381,31.79745835489221,32.538482814212834,33.53649044522646,34.82230700283592,36.3850159602699,37.79960582193785,41.66073953782212,44.51523693774368,46.24966833717846,53.98683860611634,57.23376665625694,56.41071331964444
Brazil,,,,,,70.94667573951747,76.11480537199476,75.09039759737153,77.8191052245847,77.76273506920678,78.70022462486054,74.04150658062092,83.53374871281943,84.75764936890069,82.51990752718389,81.27522380422609
Bulgaria,,,,,,29.997729953986937,29.78815811788738,25.235654426513793,33.29514858946184,29.838406546450884,34.2798631582781,34.72179769188086,29.09499214336114,43.97128104265252,51.39787941338121,53.566064774661136
Canada,72.14384824231026,73.5518260541238,74.8255128253719,75.83932556223722,75.39835076190958,75.52624695995125,75.89968939210411,77.88528672146684,77.22684000872185,77.30677474010831,78.42710259000758,77.97888248086674,78.95792790047203,76.05691852969062,75.49885184321154,74.56786731313981
Chile,40.01372412913773,37.8605145909346,35.38685762954153,34.26051247716419,40.31586984971795,41.4775470531093,39.062244601543505,41.28007246857839,44.12168523964336,44.31955533391101,46.31496120373077,46.62756832509536,53.402311007160726,60.463188052408405,65.06999361184602,61.092783494608945
China,,,,,,25.170007989179908,26.157628628335775,26.38605207646481,27.477092832247667,28.8350166583019,30.11892962220836,30.507028276302474,32.01665091556381,32.211396470369195,35.36189696446892,38.926089421141924
Colombia,,,,,69.07405998695936,63.70938172821361,64.4968166073585,77.8364729075873,75.34411141407212,68.60942881244002,63.852774076563456,76.3530248824322,74.46373427395017,68.61867518536685,64.50619238048439,79.03123850282076
Costa Rica,,,,,,,,,,,,98.46350027285973,98.78769215049233,94.65388466474856,89.06828164951116,97.36532101569007
Croatia,,,,,,67.72283659207251,66.2920899645681,59.939841938847195,69.79929896082203,62.24551341806015,61.74257594002268,65.44383784465893,59.578046864325984,67.09999868706821,70.45864073121324,72.88284594746425
Cyprus,,,,,,9.320214224775846,9.167448981453166,9.237181299136745,9.887910539179599,10.530732025904923,13.10815951223538,16.055799126943167,17.518000045940013,21.472404137917817,24.608303076229628,27.756774827763476
Czech Republic,11.812425510610204,13.866270162853255,15.48519706731387,18.08328069968168,18.018556657335974,18.30839311675349,17.633752316070264,18.127937201791607,17.700049341303114,19.305923839833024,22.187273279343405,21.482138840994754,21.074302451499793,25.376269994358044,28.90871567364397,29.60351139415143
Denmark,29.97431741310396,37.66674079835452,44.582472977718716,42.56186622129595,50.069118105463794,60.07269352253326,54.44322741690868,61.62111181859541,60.77488405107578,68.18530397723293,69.457275616399,64.73662557379998,68.85262304461789,74.86168142454609,76.15199141266477,77.29080913019324
Estonia,7.845341723557095,8.878274062035626,11.839439712165982,9.272375681967471,11.084990380131947,14.36067028776746,12.872720633185343,13.883043506677355,15.24183225197278,25.603344361814532,39.81163031259381,34.095660599173534,29.4671608947961,43.40881734806553,50.49890699049601,57.31490102397964
Finland,37.50933129227713,42.4018925412025,51.32436139507255,44.73382560093331,48.02347323592102,55.78545295352984,55.90356244612411,57.51484456833452,55.15182209893809,56.80521699302579,63.61310930698982,63.500795480303005,66.35875616837544,74.10430730390122,77.97072631570776,79.03307067760261
France,60.39907267780429,55.69759442050232,61.63831732367322,66.4203075740839,72.69949456506211,68.46764011332968,63.84873642850189,59.82220633555935,68.40472918052632,66.85675423664614,70.57816763838674,69.92522824954385,64.82925588822432,74.66606035034285,81.72544431075319,82.26024143148503
Germany,22.19863710938805,24.948315100458178,27.135512434427188,28.087558593793045,30.30210565231636,33.446748760783066,32.91460882186832,36.56718976468662,38.28507611954104,43.62838067146722,47.333028748485305,43.13987887492622,44.719527528371316,51.674440652135615,53.90076565386871,54.04809792931413
Greece,19.819636298613965,15.604228548874184,17.5528836957064,27.39373579170143,26.242683980922607,30.909106070035563,30.001946881142974,27.29658819240176,31.113520745698768,35.16144096423806,38.90898806874125,41.600471725076915,44.23400691199986,49.50242685676822,48.73608207956815,44.74301269155162
Hungary,13.006030325672967,12.540977761140946,13.24335068503607,17.229416974388958,20.562782609327865,20.21427047709184,18.994321328330106,19.232949079857082,21.156020391290774,24.38862943011972,27.67376572693148,31.97221192796954,35.59667831856908,44.96883720387293,51.16495984781551,54.77465787275838
Iceland,99.98801474856351,99.98821778524302,99.98296784630605,99.97266033489429,99.98306573312107,99.97869638040083,99.98341956240961,99.98888045369216,99.99028920015364,99.9863266044186,99.98384525911227,99.98735656119834,99.98499746599371,99.97861457413586,99.9830534857797,99.97062233671225
India,,,,,,15.552718814023246,16.560715098401957,17.5051318966897,18.023431389556894,20.142570121012593,22.59906286578851,21.787306166811437,23.212866328026326,21.302429435204584,21.63831941594546,25.408120642236252
Ireland,13.951103388451502,20.04326425425094,20.05195931321979,22.92376557426329,25.317039395363704,28.51853345482671,25.435259575105466,29.146781381737288,33.135263743861785,38.32431588853914,41.915210220226896,36.35573137788011,38.667579799062516,44.52497326703685,45.91472470041142,48.33435408059347
Italy,26.408451389993427,27.67295638435502,30.987462622704232,37.953126569697666,41.83651145442685,37.1923901992659,36.37226968229299,34.23112169182374,38.28968016725981,38.224187675554816,40.30765685694575,39.12525319604835,34.483118826851005,42.65388503092805,47.71052317250408,46.35832509913315
Japan,14.150943292097613,12.8812366160393,10.762057980998087,11.573682615361653,12.350427121381074,14.9034925091522,15.56578778059219,16.675470166848434,18.334337161818343,19.326457342594626,21.59310472088084,23.02565647306035,22.9979225852619,25.593786971674387,26.49272931996821,27.137832606343437
Korea,2.6435094963971317,3.0127947537746906,2.886618835262753,3.2825177335672926,3.5647703176766687,3.7755574938672507,4.998833195366969,5.54484070256865,6.017204604690119,7.772047256139206,9.608694019209258,10.24441272326168,11.80893241487719,13.209139008735718,13.737626574699597,14.878008370223318
Latvia,55.83494184191807,48.24256572737565,64.82792220765869,52.64583510774136,49.118493401163136,44.910161514472264,50.992711258257664,66.30945037583194,44.774735167848945,44.47703244721569,55.21337616367149,55.923495784869765,67.55120063030387,68.91199244649361,67.22003016644489,69.21628150211095
Lithuania,33.879821407288176,39.55614197445396,37.16092607439057,46.964698187590464,51.667940730745435,47.67369242925441,63.25312824426599,72.43171490457236,73.73410026508641,73.79275053246784,58.57168746065068,60.73879398155977,66.55519364271085,76.8176953891908,77.50233370118228,79.40084731868829
Luxembourg,34.73839189798911,37.622227032742835,35.917735078455095,53.15908107746507,53.43693425039246,69.74201934139073,80.58507288793506,80.91492672860174,80.08352343440512,75.32092115354034,76.3744155481323,76.07588961258118,79.41547411274934,82.44392460168675,82.45898170671275,83.77464387260814
Malta,,,,,,9.371162004674526,17.040061751054626,11.65373734768501,10.636494767029737,9.945191601313185,11.581248564185286,11.802135135591763,13.258138873630516,13.594309987138153,15.655619967980835,16.572596904414237
Mexico,17.138997491917667,16.363641776708914,15.015559516612678,14.052530485644132,18.4327961962211,16.20197377887154,15.958234860286453,17.188517265593465,18.428395799244765,18.206086816954,22.899898819381786,25.848257894272255,25.3941601851208,20.50528906979383,20.835108129971996,22.61852610159386
Netherlands,9.356141552992044,10.751716162944787,11.958737434371598,11.850087989032593,11.437719764054663,12.648103769490156,13.156257893910775,15.33693173416448,16.914148311336998,19.123117838841384,26.308166254546155,32.383822931471705,38.85553884722932,46.447648097752015,50.47199012902278,48.96207938196836
New Zealand,73.30883220510474,76.19398853315305,71.9761986167764,74.16993355486693,78.79274289035118,79.66171632561431,83.68198945264659,81.00356409270235,82.90090619792237,81.32976702858558,80.08972656862439,80.95325973386325,85.77818125484418,86.88182586026058,84.44938107653297,88.06257570199921
North Macedonia,,,,,,37.27961759236352,39.20802464272954,23.707836023707326,38.23106977350782,24.269260933904675,29.314557526059726,31.954027239065663,28.822261941784035,34.07717692707763,41.63883575114065,64.96803681839394
Norway,95.31103105947493,96.2299936658319,97.76662124124653,97.52440648958436,97.66939568170186,97.71455687560756,97.80922750655867,97.83111399397956,97.79769765384812,97.75977927681133,98.41445150485657,99.1870698853633,98.66437002927928,98.63288269204737,98.69918406582269,98.89644955953264
Poland,7.314511850234768,8.234188562139508,10.416910175771145,10.55406545857644,12.506034592057958,13.849834669642943,13.853400895076206,14.69514256705652,12.937699531773577,15.733084640361476,17.97873762796118,17.287699432623818,21.84684225800812,28.463854318243246,31.590897434110303,33.48550661086827
Portugal,51.10337844838335,44.98295876437488,42.57984108061813,56.08982169692749,57.43424518198221,46.32906771780543,52.94916084792744,39.14693447620919,48.94317484438748,50.76926233366896,56.055498127686946,59.3719191760215,55.956148368714395,69.60094174822555,80.19968293806997,76.02266146855143
Romania,,,,,,51.87167409419995,54.01766615409502,49.6414792150195,52.91777845697797,54.26476467471304,59.68174522544109,58.24821397777359,57.22667153702557,65.40447183439186,62.0903345162185,60.12884110566221
Serbia,,,,,,29.595572317917362,31.54548670188883,28.515580387695987,32.86092685902886,31.915124595892937,30.731709868690725,36.85103462566574,31.27964198569452,37.88811238320822,34.660233247474146,31.13169847664217
Slovak Republic,47.18930779550589,37.89565435492633,42.43978413705117,46.113424245713425,49.958266918271846,48.75813408818857,52.10042430183096,50.67925668514928,46.66921699420143,47.627678302891646,48.17793636382431,44.4747051029355,50.750149350292894,55.385311710302624,56.67895764793073,50.01219539601987
Slovenia,47.07730490971195,42.32898414461388,44.656784640558264,50.9063010075157,63.581776985402286,50.00915924375308,50.47426485802317,47.7534916565509,51.96345342790119,51.00555584382504,55.03171398604598,56.63222780738932,55.2957946777002,64.16281987774019,64.04265630016009,68.45566848682614
Spain,41.95047975932253,37.646767691631176,38.145297834731814,50.139066423634354,51.250256315804116,44.4703402599711,49.251713607997715,41.410972071873225,47.75308265229708,47.179896791793375,56.15192103301886,57.8651541217613,53.583492465073874,64.19686688074272,70.58467644073113,68.289063036786
Sweden,81.01734523784471,83.61575714039178,86.51633261980452,84.99488537036852,86.85470294129232,88.59727133666696,86.18285081459676,86.46898337123407,86.00060313495578,86.39627175536405,89.51992834902485,88.27427002263681,88.51972595372513,89.60055963288227,91.06978062641178,91.30620560893708
Switzerland,91.73749545464143,91.00610799311612,91.87173604890415,92.01675795936232,92.36654955677464,92.46330597981131,90.82357505577626,91.16964163565625,91.71957054458801,92.1230553816489,92.29733687729026,92.0483725155429,91.51110350055926,93.13298355197698,94.01450996990513,92.90266765836947
Turquía,27.309510413985937,26.233764122146336,28.087453688455565,29.547625738644424,21.388998482158527,32.69366401216204,33.72631976291814,30.07659457197758,32.51758555595803,44.499823566351814,43.27600788231072,35.63958348060941,42.128564092883316,42.44044909003438,46.31954173479732,44.58332601071447
United Kingdom,9.067717787810585,12.481039019585033,14.750731977622749,18.88658468303622,23.029642811675327,29.36347983928546,29.735710306200044,35.23671768297478,37.79981492784917,40.597424437876924,45.666351156292656,41.382468754174845,44.26104728108209,48.530289314649785,52.36174842591516,53.211702384231806
United States,13.519637887266958,16.132732273110147,15.701831457255345,16.47692973972267,16.9164869074166,17.330697488482713,19.597119563917826,22.09281301058074,21.835346212486296,22.81745358052821,25.391893858966423,25.624808094631277,27.24095865460532,27.766191860102598,29.19710089274047,30.991452289480254
